task,mean disprod_1,mean disprod_3,mean disprod_5,mean gurobiplan_1,mean gurobiplan_3,mean gurobiplan_5,mean jaxplan_1,mean jaxplan_3,mean jaxplan_5,mean noop,mean prost_1,mean prost_10,mean prost_2,mean prost_3,mean prost_4,mean prost_5,mean prost_6,mean prost_7,mean prost_8,mean prost_9,mean random,std disprod_1,std disprod_3,std disprod_5,std gurobiplan_1,std gurobiplan_3,std gurobiplan_5,std jaxplan_1,std jaxplan_3,std jaxplan_5,std noop,std prost_1,std prost_10,std prost_2,std prost_3,std prost_4,std prost_5,std prost_6,std prost_7,std prost_8,std prost_9,std random
AcademicAdvising_01,,,,0.9805914972273567,0.995686999383857,1.0,0.7513863216266173,0.9001848428835488,0.9097350585335797,0.0,0.950400492914356,,,0.9812076401725199,,0.9741219963031422,,,,,0.0,,,,0.06747468572405059,0.044405059141656815,0.040688766435241046,0.3820656398135505,0.07921451545118639,0.08090674811256725,0.0,0.10521215869764616,,,0.058933517110727245,,0.06833078042161676,,,,,0.03552719972746826
AcademicAdvising_02,,,,0.7850862911103874,0.976554868121133,0.9566916313904266,0.3327906219472484,0.28329534353630736,0.0,0.0,0.9853467925757082,,,0.9973949853467925,,1.0,,,,,0.0,,,,0.4067259013264944,0.07745470732039805,0.1026194761777428,0.2882847737202382,0.40187417185421975,0.004258123357415179,0.0,0.09024270465497164,,,0.09022331550070212,,0.07386706694200394,,,,,0.1259195210795905
AcademicAdvising_03,,,,1.0,0.9956776782957704,0.9675825872182773,0.7909848718740352,0.8465575794998457,0.5334979932077802,0.0,0.9666563754245139,,,0.9682000617474531,,0.9805495523309665,,,,,0.0,,,,0.05164224885300381,0.05091357389671394,0.062487080002227066,0.25079577652185203,0.16866099465800957,0.4341131391917087,0.0,0.06946176791342437,,,0.10736957053489674,,0.08579563611543962,,,,,0.09510110090193905
AcademicAdvising_04,,,,0.9806475623371791,0.9914402679568292,1.0,0.0,0.0,0.0,0.0,0.11946408634164504,,,0.15630815035355416,,0.11276516561220697,,,,,0.0,,,,0.11099860368303371,0.1068202944602024,0.09796495607750498,0.0,0.0,0.0,0.0,0.2712802522497668,,,0.30530918201702545,,0.23845438441205477,,,,,0.11619332593887083
AcademicAdvising_05,,,,0.0,0.0,0.0,0.0,0.0,0.0,0.0,0.0,,,1.0,,0.690909090909093,,,,,0.0,,,,0.0,0.0,0.0,0.0,0.0,0.0,0.0,1.0,,,0.7441229792611318,,0.5621681757723748,,,,,1.0
AcademicAdvising_06,,,,0.9815778934721666,0.9899879855826993,1.0,0.0,0.0,0.0,0.0,0.019223067681217506,,,0.03123748498197842,,0.030436523828594405,,,,,0.0,,,,0.09572993750004691,0.11404629326451436,0.07169720896346168,0.0,0.0,0.0,0.0,0.024215004337734835,,,0.002402883460152183,,0.005432382845915314,,,,,0.05498556023803173
AcademicAdvising_07,,,,0.0,0.9491620111731844,1.0,0.0,0.0,0.0,0.0,0.015083798882681501,,,0.01731843575419007,,0.0,,,,,0.0,,,,0.0,0.22021308955778235,0.17749193301759,0.0,0.0,0.0,0.0,0.042292384628581314,,,0.0429077920431786,,0.03549135234473428,,,,,0.06576062109301524
AcademicAdvising_08,,,,0.0,0.8904109589041096,1.0,0.0,0.0,0.0,0.0,0.0,,,0.01223091976516634,,0.04549902152641884,,,,,0.0,,,,0.0,0.4150504548911996,0.2342948809621221,0.0,0.0,0.0,0.0,0.07878231551171894,,,0.03512638389009568,,0.014927736108016005,,,,,0.07454401939233232
AcademicAdvising_09,,,,0.0,0.0,0.0,0.0,0.0,0.0,0.0,0.6551724137931041,,,1.0,,0.0,,,,,0.0,,,,0.0,0.0,0.0,0.0,0.0,0.0,0.0,1.0,,,0.43481104182477465,,1.0,,,,,1.0
AcademicAdvising_10,,,,0.0,1.0,1.0,0.0,0.0,0.0,0.0,0.0,,,0.0,,0.0,,,,,0.0,,,,0.0,0.19346476994218004,0.19346476994218004,0.0,0.0,0.0,0.0,0.02669175767715889,,,0.06230934709028925,,0.053632658944264756,,,,,0.081385219282382
CooperativeRecon_01,,,,0.8248730964467006,1.0,1.0,0.010152284263959394,0.43401015228426404,0.12182741116751274,0.0,0.8680203045685279,0.8705583756345179,0.8502538071065989,0.8857868020304568,0.913705583756345,0.9771573604060912,0.8984771573604061,0.8756345177664975,0.8730964467005077,0.9441624365482235,0.0,,,,0.2577735747744385,0.2766846715718099,0.44948944786320555,0.044252781152697214,0.43651133122358127,0.24523598637931301,0.0,0.04788822909673401,0.26144596010237653,0.21648124504101499,0.16249602337572702,0.17802718697208297,0.23693950340618444,0.15653953243765756,0.045046292764717874,0.04425278115269717,0.203932075396961,0.09632254666641987
CooperativeRecon_02,,,,0.8922651933701656,0.925414364640884,0.7375690607734807,0.34530386740331487,0.43370165745856354,0.08563535911602208,0.0,0.8895027624309393,1.0,0.9779005524861879,0.8784530386740331,0.8977900552486189,0.9419889502762432,0.9751381215469613,0.988950276243094,0.9226519337016577,0.9392265193370165,0.0,,,,0.24226062602396325,0.20736640072747306,0.3208584643525845,0.43004404827760473,0.371965198273763,0.25823927819142894,0.0,0.11443268053706064,0.18315562932873808,0.2133340837161087,0.2202334964419309,0.12088594744221581,0.0750954542489955,0.26338877252669096,0.17722668433530891,0.09261356140464204,0.10036410013582846,0.025142125877511298
CooperativeRecon_03,,,,1.0,1.0,0.7594594594594595,0.5339510708091366,0.818918918918919,0.48918918918918924,0.0,0.927027027027027,0.9135135135135135,0.9243243243243243,0.9324324324324325,0.9162162162162163,0.9405405405405406,0.9405405405405406,0.9297297297297296,0.9324324324324326,0.9054054054054056,0.0,,,,0.03626056179729388,0.03626056179729388,0.4392952054995276,0.295607557307412,0.1282289315056914,0.41147705576553784,0.0,0.05739665022052782,0.08529585858410538,0.04151970674523571,0.033648377291861424,0.0943626500005194,0.03972145528837585,0.04324324324324323,0.04045035012728584,0.0563693340935519,0.1289107028941818,0.011295253775693452
CooperativeRecon_04,,,,0.8713450292397661,0.9473684210526315,0.8099415204678362,0.0,0.09649122807017542,0.011695906432748534,0.0,0.8654970760233918,0.982456140350877,0.8859649122807016,1.0,0.9269005847953216,0.9853801169590642,0.9298245614035086,0.9678362573099414,0.915204678362573,0.9064327485380117,0.0,,,,0.29350666880303167,0.1909336575124504,0.46903173281736305,0.0,0.289621322147503,0.05098127419345815,0.0,0.2619204172696923,0.07304091226196958,0.12443229725703635,0.068946351593869,0.114409342377274,0.08326918635028155,0.10924878182613687,0.08959972775464657,0.2228944894374143,0.13141640382598968,0.15010806748863245
CooperativeRecon_05,,,,1.0,0.6208791208791209,1.0,0.510989010989011,0.5164835164835164,0.6428571428571427,0.0,0.8571428571428568,0.8956043956043953,0.8708791208791206,0.9230769230769227,0.8681318681318677,0.9230769230769227,0.9258241758241754,0.9395604395604392,0.8956043956043953,0.8928571428571426,0.0,,,,0.056569396379049404,0.5071937516876525,0.056569396379049404,0.33651323072049577,0.3940751885063979,0.34667673745818356,0.0,0.18584103873942587,0.07184998258583522,0.20724922211584934,0.06862635163075158,0.20307383090743214,0.0565693963790494,0.06330614627364231,0.05993797865184454,0.1192446945835752,0.101127265490692,0.011682555883452772
CooperativeRecon_06,,,,1.0,1.0,1.0,0.13978494623655915,0.010752688172043013,0.3736559139784946,0.0,0.900537634408602,0.8978494623655914,0.924731182795699,0.8924731182795697,0.900537634408602,0.8924731182795697,0.8924731182795697,0.8951612903225805,0.8978494623655914,0.9032258064516129,0.0,,,,0.04301075268817199,0.04301075268817199,0.04301075268817199,0.33289947484758536,0.04686988111334059,0.4579291409832281,0.0,0.03753827968755088,0.03839477649754216,0.0579049979261774,0.03950789907714799,0.028827433588074186,0.03950789907714799,0.03950789907714799,0.0544976745503045,0.03839477649754216,0.04023287512660148,0.05443311357637587
CooperativeRecon_07,,,,0.9784946236559138,1.0,0.9086021505376344,0.07258064516129031,0.08064516129032256,0.0672043010752688,0.0,0.9247311827956987,0.9247311827956987,0.9193548387096773,0.922043010752688,0.9247311827956987,0.9247311827956987,0.9247311827956987,0.9247311827956987,0.922043010752688,0.9247311827956987,0.0,,,,0.06034931268990228,0.03566263215435914,0.30360877211818277,0.2192302777269062,0.24253211975569802,0.203219405941196,0.0,0.06034931268990228,0.06034931268990228,0.058648989863632886,0.06423550078144367,0.06034931268990228,0.06034931268990228,0.06034931268990228,0.06034931268990228,0.05956591345742027,0.06034931268990228,0.14214519328230193
CooperativeRecon_08,,,,0.6846590909090906,1.0,1.0,0.08245765914945187,0.04261363636363635,0.3437499999999999,0.0,0.940340909090909,0.9119318181818179,0.9261363636363634,0.9232954545454546,0.9261363636363634,0.917613636363636,0.9204545454545455,0.9147727272727271,0.9119318181818181,0.9062499999999999,0.0,,,,0.34302139161181444,0.05508727110700378,0.05508727110700378,0.14531888861076492,0.18574853452588092,0.43586434207225827,0.0,0.05530659753957898,0.06595560662638586,0.06250000000000006,0.11202695541551339,0.07429941381035245,0.07467863311417572,0.07537783614444095,0.05931992334608273,0.05815195877971233,0.09244965963223287,0.006036232849189533
CooperativeRecon_09,,,,1.0,1.0,1.0,0.0,0.0,0.0,0.0,0.9190751445086706,0.916184971098266,0.9132947976878611,0.916184971098266,0.9132947976878611,0.9075144508670518,0.9132947976878611,0.9017341040462428,0.9132947976878611,0.9132947976878611,0.0,,,,0.04514595188385351,0.04514595188385351,0.04514595188385351,0.0,0.0,0.0,0.0,0.03609825432600231,0.037793921475786196,0.039204219555637396,0.04198219377553164,0.04695975956436971,0.04127993311296446,0.0346820809248555,0.05894820246928076,0.039204219555637396,0.08092485549132948,0.0
CooperativeRecon_10,,,,0.9373297002724796,1.0,0.9073569482288829,0.035422343324250684,0.0,0.16076294277929154,0.0,0.8719346049046321,0.9209809264305178,0.8801089918256131,0.891008174386921,0.891008174386921,0.888283378746594,0.8882833787465939,0.9073569482288829,0.8882833787465939,0.8855585831062671,0.0,,,,0.23666540327638655,0.049573311712970705,0.30550537036245506,0.1544024148938113,0.0,0.2896369330216293,0.0,0.06448043360326555,0.06871673140555036,0.06735262721693881,0.08663821850454848,0.06735262721693881,0.06471031110102407,0.07531484992417031,0.11595598272999025,0.08101399862298914,0.07285962919411955,0.05027239174672324
CrossingTraffic_01,,,,0.6442622950819672,0.6442622950819672,0.6442622950819672,0.6950819672131148,0.6442622950819672,0.6442622950819672,0.0,1.0,,,1.0,,1.0,,,,,0.0,,,,0.5942572074400645,0.5942572074400645,0.5942572074400645,0.5637890586563161,0.5942572074400645,0.5942572074400645,0.0,0.021932931410261723,,,0.021932931410261723,,0.021932931410261723,,,,,0.3948710408996142
CrossingTraffic_02,,,,1.0,0.9902597402597403,0.9902597402597403,0.3879870129870129,0.3246753246753246,0.3279220779220779,0.0,1.0,,,1.0,,1.0,,,,,0.0,,,,0.07038793308012598,0.07758313730745793,0.07758313730745793,0.602469600615706,0.5841990941009083,0.5884689878870769,0.0,0.07038793308012598,,,0.07038793308012598,,0.07038793308012598,,,,,0.3158875675053322
CrossingTraffic_03,,,,0.5233644859813085,0.5233644859813085,0.5233644859813085,0.5233644859813085,0.5233644859813085,0.5233644859813085,0.0,1.0,,,1.0,,1.0,,,,,0.0,,,,0.5763239875389409,0.5763239875389409,0.5763239875389409,0.5763239875389409,0.5763239875389409,0.5763239875389409,0.0,0.04886101913195677,,,0.04886101913195677,,0.04886101913195677,,,,,0.23084511539000455
CrossingTraffic_04,,,,0.9319727891156463,0.9319727891156463,0.9319727891156463,0.12585034013605453,0.12585034013605453,0.12585034013605453,0.0,1.0,,,1.0,,1.0,,,,,0.0,,,,0.1882769048040551,0.1882769048040551,0.1882769048040551,0.3775510204081633,0.3775510204081633,0.3775510204081633,0.0,0.1882769048040551,,,0.1882769048040551,,0.1882769048040551,,,,,0.0
CrossingTraffic_05,,,,0.7005988023952096,0.7005988023952096,0.7005988023952096,0.6452095808383234,0.7005988023952096,0.7005988023952096,0.0,1.0,,,1.0,,1.0,,,,,0.0,,,,0.5140989708235036,0.5140989708235036,0.5140989708235036,0.5268504097914258,0.5140989708235036,0.5140989708235036,0.0,0.03196730015578237,,,0.03196730015578237,,0.03196730015578237,,,,,0.0
CrossingTraffic_06,,,,0.32028469750889677,0.32028469750889677,0.32028469750889677,0.30960854092526685,0.400355871886121,0.32028469750889677,0.0,0.9608540925266903,,,0.9804270462633452,,1.0,,,,,0.0,,,,0.5547493689722383,0.5547493689722383,0.5547493689722383,0.5379554172531297,0.5491133185490457,0.5547493689722383,0.0,0.31770411559666395,,,0.28279502233551146,,0.3381532039124348,,,,,0.0
CrossingTraffic_07,,,,0.589622641509434,0.589622641509434,0.550314465408805,0.550314465408805,0.550314465408805,0.550314465408805,0.0,0.9748427672955975,,,0.9779874213836478,,1.0,,,,,0.0,,,,0.39425924270817087,0.39425924270817087,0.550314465408805,0.550314465408805,0.550314465408805,0.550314465408805,0.0,0.13003819577443607,,,0.12296361506929027,,0.07003477185949714,,,,,0.0
CrossingTraffic_08,,,,0.7258485639686684,0.7258485639686684,0.18276762402088775,0.27154046997389053,0.18276762402088775,0.18276762402088775,0.0,0.9399477806788512,,,0.9817232375979114,,1.0,,,,,0.0,,,,0.7822273037322145,0.7822273037322145,0.5483028720626633,0.6464659160703488,0.5483028720626633,0.5483028720626633,0.0,0.5979055263276175,,,0.5728914110455343,,0.5442533538862179,,,,,0.0
CrossingTraffic_09,,,,0.7974683544303797,0.8069620253164557,0.85126582278481,0.8069620253164557,0.8069620253164557,0.8069620253164557,0.0,0.9841772151898734,,,0.990506329113924,,1.0,,,,,0.0,,,,0.3385632290821385,0.4658997425422613,0.3588529456877084,0.4658997425422613,0.4658997425422613,0.4658997425422613,0.0,0.07745087500329377,,,0.05209518238339978,,0.025316455696202528,,,,,0.0
CrossingTraffic_10,,,,0.5333333333333333,0.41228070175438597,0.41228070175438597,0.287719298245614,0.29473684210526313,0.2964912280701754,0.0,0.7982456140350878,,,0.8701754385964913,,1.0,,,,,0.0,,,,0.46038510784159226,0.5086963041192274,0.5086963041192274,0.499134369181285,0.5106920813659018,0.5135858164800742,0.0,0.2542044119226408,,,0.26434818528894544,,0.13702192413871322,,,,,0.0
Elevators_01,,,,0.8482724086129193,0.869303955933901,0.869303955933901,0.11817726589884839,0.09564346519779682,0.1392088132198298,0.0,1.0,,,0.984476715072609,,0.9809714571857786,,,,,0.0,,,,0.4104094648099346,0.46257696754534355,0.46257696754534355,0.32261122085874866,0.3265338929496789,0.38031907967025325,0.3125906570942907,0.4473955609946529,,,0.4163299194287875,,0.4522475797973744,,,,,0.9659358139483242
Elevators_02,,,,0.725476603119584,0.8447140381282495,0.8648180242634315,0.6093587521663778,0.47001733102253024,0.5043327556325823,0.0,0.9604852686308492,,,1.0,,0.9927209705372616,,,,,0.0,,,,0.43611120610424675,0.2837149263175465,0.2916927968363495,0.45447268300082405,0.3965943888452491,0.39719421800724986,0.41687705981965917,0.2820841012125822,,,0.24236156990202842,,0.24864068516004043,,,,,1.0
Elevators_03,,,,0.804026845637584,0.7476510067114093,0.7671140939597316,0.26308724832214797,0.3395973154362418,0.3516778523489931,0.0,0.9409395973154362,,,1.0,,0.934228187919463,,,,,0.0,,,,0.36592632657823526,0.4956474668783337,0.5583356162924785,0.3133991052064168,0.35627660747667467,0.41944107324784075,0.23272241519677675,0.43740474778205146,,,0.3810402315155474,,0.43238147603994953,,,,,1.0
Elevators_04,,,,0.8766792047286405,0.7966147232670606,0.9008597528210639,0.4583557227297152,0.36861902203116614,0.22084900591080073,0.0,0.9884470714669532,,,1.0,,0.9400859752821064,,,,,0.0,,,,0.41830639841123574,0.5327164256840352,0.41145818232910986,0.46033452712298706,0.5395189788913108,0.5054422255361896,0.49734397072387726,0.41684394190582424,,,0.37643766675065127,,0.4549805556211096,,,,,0.7063677584230285
Elevators_05,,,,0.9088241458813666,0.8771745965206457,0.8983441626493398,0.31817229092433463,0.4749528400754559,0.5575351079438272,0.0,1.0,,,0.9872144204569273,,0.9842800251519598,,,,,0.0,,,,0.25248052309663466,0.2967838735891795,0.2650457169193978,0.36171607091343616,0.2975137113652182,0.2833099052062015,0.2898435228241063,0.2511541920572068,,,0.2550265537120705,,0.2914011303671324,,,,,0.5425243887453602
Elevators_06,,,,0.9158878504672896,0.8224299065420559,0.9247989567485329,0.3207998261247555,0.5214083894805477,0.3434036079113236,0.0,1.0,,,0.9913062377743969,,0.9800043468811128,,,,,0.0,,,,0.27041968015653495,0.3423880172975459,0.26334163138076455,0.3431751831217123,0.3683972767227687,0.32765969804115413,0.2607824368251207,0.26860726957565306,,,0.3022375997195912,,0.31635702143818123,,,,,0.574673465822519
Elevators_07,,,,0.9269675168955744,0.9154131240462177,0.8316982777414433,0.0,0.13472858077174615,0.27490734684979273,0.0,1.0,,,0.9422280357532156,,0.9686069326357096,,,,,0.0,,,,0.4544010866634706,0.471739982410113,0.5757414788095782,0.6458738090248125,0.5527758389469314,0.6738401046778085,0.6458738090248125,0.5217286325796464,,,0.5167320200277989,,0.48400959708348146,,,,,0.7853793502583161
Elevators_08,,,,0.9792198943961845,1.0,0.9827967978197921,0.3515585079202862,0.4041900868676546,0.36194856072219395,0.0,0.9892692897291772,,,0.973258388690172,,0.9814341679441321,,,,,0.0,,,,0.2983231322313957,0.26470701983416933,0.280760660449483,0.406781250356629,0.44865568326627703,0.371528280668344,0.4600863830929452,0.3234911736730392,,,0.308281834488323,,0.3145689061095753,,,,,0.7756445910990084
Elevators_09,,,,0.9517839922854388,0.9509803921568627,0.9302475088396015,0.24831243972999034,0.34538733526197374,0.34538733526197374,0.0,0.8884603021536484,,,1.0,,0.9694631951141113,,,,,0.0,,,,0.24790197834607836,0.2580082078878763,0.2365602237723764,0.26729682762987417,0.3163993632300895,0.32260040484003505,0.3555836042524838,0.329121650852803,,,0.25591857017688063,,0.2666460992896984,,,,,0.4699409579059586
Elevators_10,,,,0.8739094308267552,0.8757789779808892,0.8660157872870794,0.2289156626506023,0.4183631076028251,0.4576235978396343,0.0,0.9630245118404654,,,0.9885749896136269,,1.0,,,,,0.0,,,,0.537072954521286,0.4125854373475791,0.4349118084864732,0.6721168319157652,0.6582233953921189,0.5192496422778767,0.6922725770753893,0.43279237695520045,,,0.4357800837521423,,0.4200010924098765,,,,,0.777079087026461
GameOfLife_01,,,,0.977972027972028,0.9590909090909091,0.9590909090909091,0.8884615384615385,0.958041958041958,0.9314685314685314,0.0,1.0,,,0.9458041958041958,,0.9685314685314685,,,,,0.0,,,,0.26332432239118303,0.2731686852800557,0.2731686852800557,0.11889088812184019,0.08624393618641034,0.26871351637994606,0.2347609836586646,0.05114943649764963,,,0.25161102514782646,,0.18256302515688377,,,,,0.1411214974079486
GameOfLife_02,,,,0.0,0.26874999999999993,0.27232142857142855,1.0,0.8660714285714286,0.774107142857143,0.0,0.9241071428571429,,,0.9785714285714285,,0.8098214285714287,,,,,0.0,,,,0.709467566782532,0.9641249039191669,0.9331356747547487,0.7397276974174555,0.714812305890897,0.7310810026241683,0.4512984385218332,0.6265408302655111,,,0.7215677906687716,,0.8084627916355729,,,,,0.565259670326797
GameOfLife_03,,,,0.05312868949232586,0.1133412042502951,0.5962219598583236,0.8158205430932701,1.0,0.7166469893742621,0.0,0.9102715466351827,,,0.9799291617473437,,0.8783943329397873,,,,,0.0,,,,0.713530096880418,0.6230187516992863,0.425833884019793,0.687227401887302,0.454315402002058,0.5319882554136467,0.5613320065968629,0.4626216396539591,,,0.4090461855271224,,0.38084666181984855,,,,,0.4002622469562282
GameOfLife_04,,,,0.9756043468618318,0.9494344644045242,0.9188290086493679,0.9722776668884453,1.0,0.9622976269682857,0.0,0.9758261255267241,,,0.9682856509203813,,0.9500998003992016,,,,,0.0,,,,0.11439372773092864,0.1638551146945353,0.2521282048730968,0.10732254342753862,0.1086785610184257,0.11009049141311397,0.30355042817939565,0.09693935041018398,,,0.12189436417671438,,0.17319422834241596,,,,,0.3401954599100859
GameOfLife_05,,,,1.0,0.9421015010721943,0.7516082916368835,0.7737669764117229,0.9038598999285204,0.9546104360257325,0.0,0.9735525375268049,,,0.96819156540386,,0.9746247319513938,,,,,0.0,,,,0.17543662389499556,0.2671490744021013,0.3311945153915459,0.1583624672089421,0.25802660741878214,0.20811376946911037,0.34799844377460937,0.14705489529823906,,,0.16005053358406843,,0.1428359010329834,,,,,0.3910286843607931
GameOfLife_06,,,,0.7633726201269265,0.7035358114233905,0.7434270172257476,0.7352674524025383,0.7760652765185854,0.6065276518585669,0.0,1.0,,,0.9392565729827739,,0.986400725294651,,,,,0.0,,,,0.751435099187982,0.5921543351879573,0.8780746973600079,0.46235311841078724,0.4878246847999704,0.49681608210132433,0.6952166540070382,0.4627937949675553,,,0.52518169488272,,0.4048596430762559,,,,,0.36677613372210033
GameOfLife_07,,,,0.9838104976141786,0.972733469665985,0.9810838445807772,0.9285957736877982,0.9660872528970689,0.9686434901158828,0.0,0.9967620995228358,,,1.0,,0.9926721199727335,,,,,0.0,,,,0.07776844990237558,0.07893324990837614,0.0742846816695311,0.10435502539664934,0.08194484802254778,0.1407539720603073,0.3447204863704841,0.11588513470428177,,,0.06601408036188353,,0.07089687046893049,,,,,0.28813459225511207
GameOfLife_08,,,,0.9164690382081685,1.0,0.9934123847167325,0.9812911725955203,0.9525691699604744,0.9193675889328062,0.0,0.8996047430830039,,,0.9757575757575756,,0.9754940711462452,,,,,0.0,,,,0.21452107688031846,0.11285259873355208,0.14502691526238834,0.10386862458720171,0.1118141695648149,0.18743755552861696,0.380357200537461,0.36837332076687235,,,0.11195566412485335,,0.12843545619501837,,,,,0.39645623930624846
GameOfLife_09,,,,0.9725935828877004,1.0,0.8890374331550801,0.9455213903743314,0.9027406417112299,0.94451871657754,0.0,0.9261363636363635,,,0.9421791443850265,,0.9388368983957217,,,,,0.0,,,,0.21923299453729958,0.2055315523075863,0.41239631830918605,0.2112476618002872,0.23234620081852475,0.31065273026246826,0.353958052160881,0.12985604217113864,,,0.20640121220729438,,0.16451558723213625,,,,,0.4153167983370356
GameOfLife_10,,,,0.9868202458744049,0.9829438476021709,0.9924687119282313,0.7043969431830768,0.8735186620888249,0.9356517886809171,0.0,0.9422970428618895,,,0.9785136781481893,,1.0,,,,,0.0,,,,0.09272312652645218,0.05985075312706484,0.0889639909791305,0.08429110491063416,0.09091189153112753,0.076893356998806,0.17006207502332862,0.09666066063136126,,,0.09029452659956108,,0.07978272723547325,,,,,0.17206728399629712
HVAC_01,0.9567867864398029,0.9567867864398029,0.9567867864398029,0.00195848007870775,0.00195848007870775,0.00195848007870775,0.9860221764520626,1.0,0.9984540325735914,0.0,,,,,,,,,,,0.0,0.0025262369894349154,0.0025262369894349154,0.0025262369894349154,2.41149516413512e-16,2.41149516413512e-16,2.41149516413512e-16,0.0304453226462776,0.002294804812900083,0.007319274594462663,2.41149516413512e-16,,,,,,,,,,,0.00026168906881343673
HVAC_02,0.9686074281176101,0.9689272731448941,0.9689272731448941,0.0,0.0,0.0,0.9998274856317629,1.0,0.9991820069811794,0.0,,,,,,,,,,,0.0,0.015829737357750704,0.01433180287866648,0.01433180287866648,0.23956695516943904,0.4286023723134246,0.23956695516943904,0.014337092160747274,0.014099276879211944,0.01451589989324743,0.23956695516943904,,,,,,,,,,,0.23949834757381128
HVAC_03,0.9615371141971949,0.9610202417764169,0.9610202417764169,0.0,0.0,0.0,1.0,0.9472950014151429,0.9201977134829605,0.0,,,,,,,,,,,0.0,0.010129332480898878,0.009427819994319204,0.009427819994319204,0.22893827041092013,0.16190446452514107,0.7681646900819372,0.012046427109585152,0.23290704957180675,0.011652586775256608,0.16190446452514107,,,,,,,,,,,0.1617303376139707
HVAC_04,0.9659873340812177,0.9659873340812177,0.9659873340812177,0.0,0.0,0.0,0.9895496732457599,0.9946740560553575,1.0,0.0,,,,,,,,,,,0.0,0.008092389096787682,0.008092389096787682,0.008092389096787682,0.10597506292379921,0.10597506292379921,0.10597506292379921,0.006401584975510246,0.008750530677309304,0.006795205628852047,0.10597506292379921,,,,,,,,,,,0.10603680950230172
HVAC_05,0.9697521677215698,0.9697521677215698,0.9697521677215698,0.0,0.0,0.0,0.9964653885449322,1.0,0.9977920075222533,0.0,,,,,,,,,,,0.0,0.007183680993144793,0.007183680993144793,0.007183680993144793,0.16545059573306414,0.16545059573306414,0.16545059573306414,0.009101512850257372,0.009508453275272517,0.01803462478448326,0.16545059573306414,,,,,,,,,,,0.16535239579784558
MarsRover_01,0.0,0.0,0.0,0.0,0.0,0.0,0.0,0.0,0.0,0.0,,,,,,,,,,,0.0,1.0,1.0,1.0,0.0,0.0,0.0,1.0,1.0,1.0,0.0,,,,,,,,,,,1.0
MarsRover_02,0.0,0.0,0.0,0.0,0.0,0.0,0.592230521235446,1.0,0.0,0.0,,,,,,,,,,,0.0,0.257975994796447,0.257975994796447,0.002542846258654249,0.0,0.0,0.0,0.5070719124714789,0.3500532501233387,3.544003398468802e-12,0.0,,,,,,,,,,,0.5987871608297987
MarsRover_03,0.5543872086617168,0.5543872086617168,0.5543872086617168,0.0,0.0,0.0,1.0,0.9773761778841379,0.8127750388203523,0.0,,,,,,,,,,,0.0,0.2644265794867443,0.2644265794867443,0.2644265794867443,0.0,0.0,0.0,0.07474644202846271,0.15475420295869874,0.019406307167081784,0.0,,,,,,,,,,,0.2893050444152098
MarsRover_04,0.25778884054637974,0.25778884054637974,0.25778884054637974,0.3866593118341383,0.3866593118341383,0.3866593118341383,1.0,0.1632542235214102,0.9543462817744169,0.0,,,,,,,,,,,0.0,0.31317445453963855,0.31317445453963855,0.31317445453963855,7.846918996748021e-17,7.846918996748021e-17,7.846918996748021e-17,0.176921332364825,0.2191445505530716,0.3684371542458457,0.0,,,,,,,,,,,0.606121512529769
MarsRover_05,0.3735230252192484,0.3735230252192484,0.3735230252192484,0.2111979186683227,0.2111979186683227,0.2111979186683227,1.0,0.967104500769078,0.27854725244855966,0.0,,,,,,,,,,,0.0,0.20934257365850503,0.20934257365850503,0.20934257365850503,0.0,0.0,0.0,0.05076962227155174,0.1610159473058606,0.1269554261737893,0.0,,,,,,,,,,,0.13722266032570893
MountainCar_01,1.0,1.0,1.0,0.0,0.0,0.0,1.0,1.0,1.0,0.0,,,,,,,,,,,0.0,0.0,0.0,0.0,0.0,0.0,0.0,0.0,0.0,0.0,0.0,,,,,,,,,,,0.0
MountainCar_02,0.55,0.55,1.0,0.0,0.0,0.0,1.0,1.0,1.0,0.0,,,,,,,,,,,0.0,0.49749371855331,0.49749371855331,0.0,0.0,0.0,0.0,0.0,0.0,0.0,0.0,,,,,,,,,,,0.0
MountainCar_03,0.85,0.85,0.85,0.0,0.0,0.0,0.7,1.0,1.0,0.0,,,,,,,,,,,0.0,0.3570714214271425,0.3570714214271425,0.3570714214271425,0.0,0.0,0.0,0.45825756949558394,0.0,0.0,0.0,,,,,,,,,,,0.0
MountainCar_04,0.0,0.0,1.0,0.0,0.0,0.0,0.0,1.0,1.0,0.0,,,,,,,,,,,0.0,0.0,0.0,0.0,0.0,0.0,0.0,0.0,0.0,0.0,0.0,,,,,,,,,,,0.0
MountainCar_05,0.0,0.0,0.0,0.0,0.0,0.0,0.0,1.0,0.3888888888888889,0.0,,,,,,,,,,,0.0,0.0,0.0,0.0,0.0,0.0,0.0,0.0,0.3333333333333333,0.5299662230094142,0.0,,,,,,,,,,,0.0
Navigation_01,,,,0.8415841584158416,0.8415841584158416,0.8415841584158416,0.9059405940594059,0.966996699669967,0.9405940594059405,0.0,1.0,,,1.0,,1.0,,,,,0.0,,,,0.4488448844884489,0.4488448844884489,0.4488448844884489,0.321892170420049,0.23661317925986697,0.3332516319832169,0.0,0.0,,,0.0,,0.0,,,,,0.24455868660129196
Navigation_02,,,,0.51,0.51,0.51,0.9033333333333334,0.9516666666666667,0.5133333333333333,0.0,1.0,,,1.0,,1.0,,,,,0.0,,,,0.563826214360418,0.563826214360418,0.563826214360418,0.3801900109740451,0.31788799564906156,0.5676853588623426,0.0,0.0,,,0.0,,0.0,,,,,0.0
Navigation_03,,,,0.650763358778626,0.650763358778626,0.650763358778626,0.8358778625954199,0.8912213740458016,0.8625954198473283,0.0,1.0,,,1.0,,1.0,,,,,0.0,,,,0.5886376059218553,0.5886376059218553,0.5886376059218553,0.48322781326738606,0.44629975165728186,0.4990229951147378,0.0,0.3206106870229008,,,0.3206106870229008,,0.3206106870229008,,,,,0.0
Navigation_04,,,,0.0,0.39494163424124507,0.39494163424124507,0.688715953307393,0.7859922178988327,0.896887159533074,0.0,1.0,,,1.0,,1.0,,,,,0.0,,,,0.0,0.5382147245348526,0.5382147245348526,0.5057018677260698,0.45453733378014904,0.3771459866115338,0.0,0.22048905161878896,,,0.22048905161878896,,0.22048905161878896,,,,,0.0
Navigation_05,,,,0.0,0.9874055415617129,0.9874055415617129,0.6397984886649873,0.5944584382871536,0.7808564231738034,0.0,0.8740554156171285,,,0.8841309823677581,,1.0,,,,,0.0,,,,0.0,0.6464086622607733,0.6464086622607733,0.7845205329842282,0.8103787795505448,0.7828041038294177,0.0,0.3044734747843583,,,0.2986666348670547,,0.03293878294867007,,,,,0.0
Navigation_06,,,,0.0,0.0,0.3253012048192769,0.30120481927710846,0.22489959839357407,0.6385542168674702,0.0,0.7510040160642572,,,0.85140562248996,,1.0,,,,,0.0,,,,0.0,0.0,0.7743717573118752,0.7170108863998845,0.6789880869207409,0.9806025009239522,0.0,0.6118536831611866,,,0.6472719555953664,,0.6018605261738326,,,,,0.0
Navigation_07,,,,0.0,0.0,0.0,0.36224489795918335,0.6938775510204078,0.7346938775510207,0.0,0.6938775510204078,,,0.8928571428571428,,1.0,,,,,0.0,,,,0.0,0.0,0.0,0.8745052745516511,1.0,1.0,0.0,0.6601969844743596,,,0.7371522079999944,,0.7707966313478064,,,,,0.0
Navigation_08,,,,0.0,0.0,0.0,0.0,0.0,0.21518987341772192,0.0,0.4620253164556961,,,0.6708860759493669,,1.0,,,,,0.0,,,,0.0,0.0,0.0,0.0,0.0,0.9379909119011579,0.0,0.7185983526094514,,,1.0,,1.0,,,,,0.0
Navigation_09,,,,0.0,0.0,0.0,1.0,0.9642857142857163,1.0,0.0,0.3571428571428575,,,0.42857142857143005,,0.5535714285714282,,,,,0.0,,,,0.0,0.0,0.0,1.0,1.0,1.0,0.0,0.0,,,0.24222607082590264,,0.6534348022690001,,,,,0.0
Navigation_10,,,,0.0,0.0,0.0,0.0,0.0,0.7999999999999972,0.0,1.0,,,1.0,,1.0,,,,,0.0,,,,0.0,0.0,0.0,0.0,0.0,1.0,0.0,0.0,,,0.0,,0.0,,,,,0.0
PowerGen_01,0.9709452773867971,1.0,1.0,0.25521325974645,0.25521325974645,0.25521325974645,0.9214358733610247,0.9148033491098339,0.9218900956481574,0.0,,,,,,,,,,,0.0,0.2687411635409108,0.24198867708354488,0.24198867708354488,0.10638333921016964,0.10638333921016964,0.10638333921016964,0.30961019491256714,0.31141572905096315,0.31054161605788233,0.0,,,,,,,,,,,0.08159814148641675
PowerGen_02,0.8585910636830031,0.8527637776727109,0.8573327780705762,0.635142886656733,0.656693496575688,0.656693496575688,0.9978971088510386,1.0,0.990800114065783,0.0,,,,,,,,,,,0.0,0.20754528872188646,0.20594990755013978,0.20685076721318346,0.12634319816245304,0.1140024061461897,0.1140024061461897,0.09593220459512883,0.09735874498825826,0.09585560346455711,0.0,,,,,,,,,,,0.029474396055013445
PowerGen_03,0.9328177588524383,0.9328177588524383,0.9364596203467196,0.791244620626103,0.7745058903843794,0.7877428624335436,0.963348319772641,1.0,0.9794667497136424,0.0,,,,,,,,,,,0.0,0.036956676879748615,0.036956676879748615,0.03438182090505938,0.12584077453248088,0.13310106663247653,0.12586535675681207,0.029507865406227796,0.0292171361922294,0.03473850035512259,0.0,,,,,,,,,,,0.023334688263808922
PowerGen_04,0.9499158821745097,0.9499158821745097,0.9499158821745097,0.6891100925526199,0.7250752704307404,0.6970850402342386,0.9994851002022951,1.0,0.9682825996385382,0.0,,,,,,,,,,,0.0,0.031634216429278494,0.031634216429278494,0.031634216429278494,0.20391344477525114,0.19553180675449075,0.19934133022518882,0.04950123849723973,0.045624044547961935,0.05004187428666958,0.0,,,,,,,,,,,0.03172479013777886
PowerGen_05,0.8594135329746647,0.8594135329746647,0.8594135329746647,0.7800326196068819,0.7752864788154232,0.7790165649638563,1.0,0.9804967074940509,0.9872088304313092,0.0,,,,,,,,,,,0.0,0.09134377729759602,0.09134377729759602,0.09134377729759602,0.10024887122247524,0.09570111891845604,0.09805341790240565,0.05416113160628152,0.05409801562825834,0.06353995430745914,0.0,,,,,,,,,,,0.02819932955152766
RaceCar_01,0.0,0.0,0.0,0.0,0.0,0.0,1.0,0.0,0.0,0.0,,,,,,,,,,,0.0,0.061347323820621115,0.061347323820621115,0.061347323820621115,0.0,0.0,0.0,0.09026561129720008,2.7907275637700296e-05,1.0,0.0,,,,,,,,,,,0.06451131363061416
RaceCar_02,0.0,0.0,0.0,0.0,0.0,0.0,0.0,0.0,0.0,0.0,,,,,,,,,,,0.0,1.0,1.0,1.0,0.0,0.0,0.0,1.0,1.0,1.0,0.0,,,,,,,,,,,1.0
RaceCar_03,0.0,0.0,0.0,0.0,0.0,0.0,0.0,0.0,0.0,0.0,,,,,,,,,,,0.0,1.0,1.0,1.0,0.0,0.0,0.0,1.0,1.0,1.0,0.0,,,,,,,,,,,1.0
RaceCar_04,0.0,0.0,0.0,0.0,0.0,0.0,0.0,0.0,0.0,0.0,,,,,,,,,,,0.0,1.0,1.0,1.0,0.0,0.0,0.0,1.0,1.0,1.0,0.0,,,,,,,,,,,1.0
RaceCar_05,0.0,0.0,0.0,0.0,0.0,0.0,0.0,0.0,0.0,0.0,,,,,,,,,,,0.0,1.0,1.0,1.0,0.0,0.0,0.0,1.0,1.0,1.0,0.0,,,,,,,,,,,1.0
Reservoir_01,0.8706075156717386,0.8865058414686905,0.8865058414686905,1.0,1.0,1.0,0.9999991696068194,1.0,1.0,0.0,,,,,,,,,,,0.0,0.018849741315880946,0.16432668761275146,0.16432668761275146,0.0,0.0,0.0,3.61959995719516e-06,0.0,0.0,0.05150870503710137,,,,,,,,,,,0.07226455968576222
Reservoir_02,0.9785736269213325,0.9792691322114796,0.9792691322114796,0.9968924996600431,0.9996365697772631,0.9989094083737751,0.9997553217623194,1.0,0.9998814154054417,0.0,,,,,,,,,,,0.0,0.00509409031488034,0.0037190618599413595,0.0037190618599413595,0.006937959413978678,0.002255871683921653,0.002388819931458563,0.0023054870436116843,0.002282895883281513,0.0023205664971458775,0.029713200816593,,,,,,,,,,,0.03379869684973515
Reservoir_03,0.9840537169261689,0.9840537169261689,0.9867554661904219,0.9990018542075835,0.9993071920309755,1.0,0.987707947258455,0.9909019471250093,0.9984504407511404,0.0,,,,,,,,,,,0.0,0.0070741671848305555,0.0070741671848305555,0.005091032053774007,0.0018027035667328882,0.001779398206946384,0.0016314627919268873,0.002438503542597872,0.002103415544104251,0.002080814851429072,0.015526635182476458,,,,,,,,,,,0.02353231650597389
Reservoir_04,0.9843622359080023,0.9843622359080023,0.9843622359080023,0.9978012926415211,0.9968407443916409,0.9976116306630087,0.9864602212113249,1.0,0.9964867344205232,0.0,,,,,,,,,,,0.0,0.003270203060432313,0.003270203060432313,0.003270203060432313,0.002391391023285338,0.00673741497279658,0.0029993016129923095,0.004338842292075193,0.0028029714789957723,0.012533932860457894,0.00918278271284113,,,,,,,,,,,0.010264213028201855
Reservoir_05,0.963554647078952,0.963554647078952,0.963554647078952,0.9912288932740394,0.9912518540485525,0.9912518540485525,0.9699394570957506,0.986247781451972,1.0,0.0,,,,,,,,,,,0.0,0.0017768310380963529,0.0017768310380963529,0.0017768310380963529,0.001450007729023673,0.0017402043082000948,0.0017402043082000948,0.0028899586068260696,0.0007366137273613821,0.004865000261782683,0.009140468274506397,,,,,,,,,,,0.011570886607005745
SkillTeaching_01,,,,0.8739388360978088,0.9834517257862369,0.8739388360978088,0.9611058681248563,0.9664942248516643,0.9583974890379302,0.0,1.0,,,0.9743757147208314,,0.9720623616311931,,,,,0.0,,,,0.281664281538618,0.25563312691590273,0.281664281538618,0.18638637258529064,0.23018759620131435,0.2360049078836521,2.5456891857298756e-16,0.21046519324205673,,,0.20669568982399997,,0.20129765814883777,,,,,0.5024073664013222
SkillTeaching_02,,,,0.8322774687703204,1.0,1.0,0.8638489828610386,0.7768752344211063,0.8277019490558456,0.0,0.9228314623296292,,,0.922793948563235,,0.9482541980885975,,,,,0.0,,,,0.2744126616647064,0.2404176140232257,0.2404176140232257,0.2708342300931291,0.3294517835288529,0.2644386130326925,2.5292020744542753e-16,0.17373775921925244,,,0.17369867371331665,,0.17954179000649134,,,,,0.4878065554818194
SkillTeaching_03,,,,0.8643138497217369,0.9777609624213652,0.9276486433241168,0.8356343417755199,0.5399478606588629,0.6979566296735773,0.0,0.9527138108170322,,,1.0,,0.9607000724601809,,,,,0.0,,,,0.45468272970955875,0.4577508017413706,0.45977181194151023,0.30957704002687575,0.20125409469116143,0.4006359885079234,0.0,0.2264655723408562,,,0.20555633313048763,,0.22685535950988148,,,,,0.40185582876080866
SkillTeaching_04,,,,0.9434523400410795,0.9434523400410795,0.9522301302390037,0.8935013835906941,0.6769616685644416,0.8165725034120477,0.0,0.9994026284219907,,,1.0,,0.9796872401484464,,,,,0.0,,,,0.3696055341400825,0.3696055341400825,0.3615741719345008,0.23167730624573063,0.22272917086190033,0.26606922391668686,1.8439165697487699e-16,0.1907487740026373,,,0.18707007078595178,,0.22596698560736506,,,,,0.18223007959684298
SkillTeaching_05,,,,0.961399485777929,0.8420880269742099,1.0,0.7969181056230144,0.6549101895045367,0.6784262514305864,0.0,0.8092695160831466,,,0.969171602737253,,0.8912832555971807,,,,,0.0,,,,0.2640076867778748,0.2089998944924184,0.20605416071933855,0.27129899691038284,0.17199781970319514,0.18592390386685856,1.5727163153661591e-16,0.24132193113794903,,,0.17589755949881608,,0.25435022870422724,,,,,0.22074169659047066
SkillTeaching_06,,,,1.0,0.9630940873179694,0.8780018734479038,0.8519264910830103,0.7588459230824285,0.7073447249926217,0.0,0.973581231234352,,,0.8652672198513598,,0.982796965040725,,,,,0.0,,,,0.24928266949773756,0.34803372727638554,0.30303539610118857,0.33451595933454825,0.22536752942327254,0.2610215758243862,2.5884856353898515e-16,0.27476127660591976,,,0.3635269523295239,,0.29712182410078486,,,,,0.15055866516756988
SkillTeaching_07,,,,0.906980207044432,0.9076590935042401,0.9305794894572017,0.7212510953140118,0.6566077775963396,0.8423568412812181,0.0,0.9118523857282671,,,1.0,,0.9253280974290415,,,,,0.0,,,,0.253101180944531,0.2541330388919467,0.28072577733970283,0.1146718786480095,0.14657659530519726,0.15143758494807902,0.0,0.2773203698211461,,,0.2130764043515627,,0.20581843436572278,,,,,0.22418435500498066
SkillTeaching_08,,,,0.8664021728234902,0.8664021728234902,0.8768992753284103,0.8291974929423094,0.8428919611515571,0.6557104831031554,0.0,1.0,,,0.9542182308759827,,0.9244346591936873,,,,,0.0,,,,0.4809449813878117,0.4809449813878117,0.49564884812343335,0.4106843326497966,0.327112494198093,0.22162051485142245,5.090984394279319e-16,0.4329268615224942,,,0.32288328274565,,0.4417800159331621,,,,,0.23331511450349082
SkillTeaching_09,,,,0.7966386952760465,0.8076783491574024,0.7966386952760465,0.7589716897837753,0.8107789588544272,0.6351082445313693,0.0,1.0,,,0.8327738895933849,,0.8201724559039567,,,,,0.0,,,,0.2868222736065947,0.25293533931710704,0.2868222736065947,0.25431610075093847,0.36670100043757775,0.2720214750751647,2.3388685227126777e-16,0.23690421012321553,,,0.37903109694348647,,0.3512747337689786,,,,,0.15000162623561958
SkillTeaching_10,,,,0.7771198377173704,0.7771198377173704,0.7756075386710573,0.7741992404639545,0.809132413162573,0.7294974137794699,0.0,0.9407566305808122,,,1.0,,0.9076881768211624,,,,,0.0,,,,0.21688021242931307,0.21688021242931307,0.21460459511128346,0.2892461154628557,0.18813828691152326,0.25339089004140014,3.913694201678169e-16,0.3537252196486669,,,0.38569728167587364,,0.46834166037696096,,,,,0.1742861543182753
SysAdmin_01,,,,0.9727420319576177,0.9633427326326582,0.9678714859437748,1.0,0.9758181662821497,0.9419806887122959,0.0,0.915577202426728,,,0.8986584636418009,,0.9011364607365631,,,,,0.0,,,,0.15183792193728265,0.16198423082017133,0.1673181541181171,0.1333268396833619,0.1605998405103776,0.1883217310488037,0.29979935384170914,0.09759345095332349,,,0.12524298001303283,,0.14407292207890718,,,,,0.30757830175273604
SysAdmin_02,,,,0.8161346576692698,0.8959739176586551,0.920843126848131,0.8679202365607704,1.0,0.9485177041473954,0.0,0.9127303055576618,,,0.9555690348017288,,0.9361589203123817,,,,,0.0,,,,0.36359477524723466,0.36508775233122903,0.32608395896929643,0.4081629177272365,0.28511650423081936,0.2733480771732819,0.21961880608821369,0.21347898734851617,,,0.19043156261122426,,0.2346068290163509,,,,,0.23840992446806047
SysAdmin_03,,,,0.6925739089629283,0.6502229000469263,0.7301736274049743,0.8921281088690758,0.9777686532144535,0.7976302205537307,0.0,1.0,,,0.984045049272642,,0.9701431252932897,,,,,0.0,,,,0.4905654580665005,0.40941914869123575,0.44192119370034605,0.3769812944813455,0.3464611492939633,0.4243880524948338,0.18490922511587027,0.3739747505451202,,,0.39596811957626127,,0.3814231208857066,,,,,0.20905509385637805
SysAdmin_04,,,,0.8750885060184092,0.8716662733065849,0.7837502950200614,0.9870781213122491,0.8144913854142082,0.9437691763039886,0.0,0.9715600660844936,,,1.0,,0.9595822515931083,,,,,0.0,,,,0.5486133790268662,0.4913567190559932,0.5584560165371538,0.4926587696366577,0.509845592014673,0.5011847621996026,0.16848570650255387,0.4664281575932002,,,0.42443001017763826,,0.4192744900425854,,,,,0.14730241466742602
SysAdmin_05,,,,0.7263913824057451,0.6792339916217833,0.7413524835427888,0.7163973668462,0.717833632555356,0.9478755236385401,0.0,0.7643327348892882,,,0.8754637941352487,,1.0,,,,,0.0,,,,0.3255549688426619,0.3043796312419625,0.3789885047789941,0.29439089142448244,0.32727535914944833,0.41886727567014154,0.24394575983218772,0.28875631535873475,,,0.31882350701878653,,0.3751898827021119,,,,,0.21894812916357875
SysAdmin_06,,,,0.5842769330313814,0.6409576188935622,0.6570042057586543,0.8719508249757363,1.0,0.6733743125202202,0.0,0.7990294403105794,,,0.9624716920090586,,0.9695891297314785,,,,,0.0,,,,0.4367362878707717,0.44418653120722823,0.49979181017271307,0.4379744012018672,0.5193115580381649,0.39418397038131625,0.29111199722032166,0.39158976565017795,,,0.3899826225052231,,0.39538830844883616,,,,,0.2748133547840816
SysAdmin_07,,,,0.6023147179808963,0.6625531618210975,0.6541867112877362,0.7117060587045946,1.0,0.9523112319598407,0.0,0.6433800460154779,,,0.8047828208882382,,0.9417834483720282,,,,,0.0,,,,0.4401874362224755,0.3945748312235574,0.4311628262013535,0.39480221318813885,0.4535851082177198,0.35586201066076106,0.28004553909717683,0.4217571704397626,,,0.4290407947860641,,0.36781724286289474,,,,,0.2849904063951535
SysAdmin_08,,,,0.6599945160405812,0.6950918563202633,0.7104469426926243,0.8971757608993693,1.0,0.9459829997258026,0.0,0.7089845535143043,,,0.6792797733296777,,0.8786216981994331,,,,,0.0,,,,0.5690719703257195,0.6021653462272981,0.617636966996706,0.4851167177435461,0.5348796732742545,0.5532417292534944,0.39529234299432653,0.5016516719982692,,,0.4866142909211205,,0.6023889373829646,,,,,0.4613267481873674
SysAdmin_09,,,,0.5244571701264618,0.5070388928656644,0.4387974230493916,0.8456215700310188,0.9913505130040563,1.0,0.0,0.6451324266284895,,,0.7115246957766641,,0.7988546886184683,,,,,0.0,,,,0.4465275442898323,0.37207715478677683,0.39044207130181985,0.2837366847693531,0.29662143966822857,0.3157958654814201,0.30709050749531897,0.31335440771541495,,,0.31383889891732525,,0.3831057387179636,,,,,0.29121891284738727
SysAdmin_10,,,,0.5860250494396835,0.6097560975609749,0.5354867062184134,1.0,0.6725994286969897,0.7254449571522738,0.0,0.6078883761810586,,,0.7036914963744225,,0.803120193364095,,,,,0.0,,,,0.5471701779914468,0.5170188119550645,0.45277009907466453,0.5267073751894293,0.508115341231805,0.5553096956744075,0.38012454844910437,0.4983257907424083,,,0.4850024093601429,,0.4638829818049704,,,,,0.3606577466420534
Tamarisk_01,,,,0.9230868571884765,0.9917277749992367,1.0,0.4641196447537625,0.8845441901492506,0.9213320716409593,0.0,0.981809558024152,,,0.9459593362496272,,0.9960677776134133,,,,,0.0,,,,0.1185948520734405,0.09082088136284172,0.08503057980036655,0.24847886601361763,0.17881842768330858,0.10184187330498201,0.1262947472937613,0.07853349879546924,,,0.10340354853908917,,0.09087267140338962,,,,,0.15405271502931375
Tamarisk_02,,,,0.6921891285809036,0.6081972563511361,0.4940599896823637,0.49698577640209246,0.4246401987724112,0.8318520156238481,0.0,1.0,,,0.897125801459208,,0.951725045534464,,,,,0.0,,,,0.2649070249951293,0.2347956321970699,0.1524129437342552,0.17909362556860922,0.12107196093248045,0.30813139120565053,0.01275010200728539,0.29846698353487716,,,0.2789322134563111,,0.38472726291329273,,,,,0.058734109453381984
Tamarisk_03,,,,0.6834354603456563,0.9447122109683326,0.9916369927940702,0.39357265277630604,0.5322861240354291,0.853722746890694,0.0,0.9922325073539598,,,1.0,,0.9904493588542218,,,,,0.0,,,,0.22751580266219537,0.2739641477050405,0.2138243489297547,0.22367782761950813,0.4083382450557587,0.21606552379566096,0.11970618083777505,0.18516333674503313,,,0.13700060752373583,,0.15045681372278816,,,,,0.13778161802187616
Tamarisk_04,,,,0.49170242542708187,0.792099145259603,0.79710961264877,0.4816109369759083,0.4783342393504441,0.7965717854705697,0.0,0.8620294012190751,,,0.9685376883840893,,1.0,,,,,0.0,,,,0.09811395155211669,0.23190911183716933,0.24383621703236116,0.12584595652667963,0.17455606222650416,0.23883395911049604,0.025949251089483937,0.2735696853975899,,,0.22986329474056882,,0.28974723745847364,,,,,0.09273104092558447
Tamarisk_05,,,,0.4362784336217928,0.9860313628599701,1.0,0.39531794603520715,0.6761954884374666,0.795736453652172,0.0,0.947425768472006,,,0.9591931437863596,,0.9117131710145656,,,,,0.0,,,,0.19312491464342713,0.3430493112451114,0.29206874783787645,0.16012341766301236,0.30790605272413496,0.27796964550486175,0.029759088259642123,0.295123234484941,,,0.2841784598802424,,0.22763126157233998,,,,,0.10377373113392127
Tamarisk_06,,,,0.27570310877402215,0.49062540972859675,0.9169380786238003,0.4476794712775189,0.4517590627614298,0.7429996600340435,0.0,0.9988687139656391,,,1.0,,0.991500851075186,,,,,0.0,,,,0.151220969731994,0.1315415411511177,0.33640876529303504,0.10816916491663361,0.09902242942678881,0.3071792873158268,0.03822264190361059,0.3745549113725617,,,0.2442215841978584,,0.3336947598963996,,,,,0.0653051876315308
Tamarisk_07,,,,0.4041039632713336,0.9345742921486302,0.7817193852601063,0.3439585552251473,0.6800287081188271,0.6634954271163537,0.0,0.958542564454791,,,1.0,,0.9793266727543495,,,,,0.0,,,,0.2511254020722947,0.3831751829767705,0.38318623813867514,0.21303738392243707,0.44695420930633145,0.31338372191229447,0.06737358958539363,0.3095728887653161,,,0.3929588600927003,,0.4120708912626614,,,,,0.1709940188292554
Tamarisk_08,,,,0.0,0.4095160738813877,0.4095160738813877,0.49333692773959753,0.38169676981912437,0.519841005873587,0.0,0.9655263762899893,,,1.0,,0.9990582188783355,,,,,0.0,,,,0.058546328620904836,0.07691514378989714,0.07691514378989714,0.16823475288553505,0.09703991012629774,0.18430088762794394,0.058546328620904836,0.29226424890615676,,,0.2785685257082072,,0.26281135693577823,,,,,0.08523432829866973
Tamarisk_09,,,,0.06276799530273867,0.39834396423498364,0.8964245443077434,0.44590513288801437,0.8149177107544001,0.39657760976606443,0.0,0.8931219565600927,,,1.0,,0.9278416654637603,,,,,0.0,,,,0.30539595996159646,0.23768022913608947,0.26032089779337575,0.23306904249299618,0.44447429850504677,0.2610039859658217,0.17456655141415553,0.2871688608894951,,,0.3078382646357673,,0.2795577271685108,,,,,0.22439433212405918
Tamarisk_10,,,,0.0,0.2611251116428065,0.45488214325863363,0.289942012128679,0.36034181951441036,0.42350974003269826,0.0,1.0,,,0.837393192466445,,0.8119886449639245,,,,,0.0,,,,0.14970432080086013,0.2783139984120633,0.2517238824330033,0.16670764707388494,0.25413149828947834,0.2531145539772739,0.14970432080086013,0.29955744589585415,,,0.36041874752100234,,0.3216299736373924,,,,,0.13923434900866258
Traffic_01,,,,0.8175675675675677,0.8175675675675677,0.8175675675675677,0.4560810810810812,0.37500000000000006,0.4628378378378379,0.0,0.972972972972973,,,0.972972972972973,,1.0,,,,,0.0,,,,0.19641137640200854,0.19641137640200854,0.19641137640200854,0.49756299820266336,0.5098889687069702,0.5127461371563283,0.9666177581810566,0.22972972972972974,,,0.29265415983388804,,0.20337725599043796,,,,,0.6548827673764016
Traffic_02,,,,0.8455284552845529,0.8455284552845529,0.8455284552845529,0.6806039488966319,0.7932636469221835,0.6968641114982579,0.0,0.9581881533101045,,,0.9732868757259001,,1.0,,,,,0.0,,,,0.1169022866568808,0.1169022866568808,0.1169022866568808,0.14233685222642561,0.16125207332690922,0.20930106028966433,0.1883217152604516,0.1106725133525816,,,0.09697156171259785,,0.11298849251582171,,,,,0.5284680474776896
Traffic_03,,,,0.7602674307545367,0.7602674307545367,0.5635148042024832,0.673352435530086,0.600764087870105,0.5921680993314231,0.0,0.958930276981853,,,0.9990448901623686,,1.0,,,,,0.0,,,,0.16366692617682504,0.16366692617682504,0.20732704567281962,0.22993165929562823,0.2121526641193191,0.264515423574522,0.24831937386588232,0.15187147438625373,,,0.15631153807433643,,0.16732423107949684,,,,,0.4571575145663542
Traffic_04,,,,0.7918612408272181,0.6450967311541026,0.6450967311541026,0.7078052034689792,0.7671781187458305,0.6517678452301534,0.0,0.9766511007338226,,,0.9839893262174783,,1.0,,,,,0.0,,,,0.21398683792342263,0.19473597896457812,0.19473597896457812,0.1904471628041502,0.2019486281893759,0.27056364283126644,0.15365445427142468,0.2219827618565989,,,0.22989224382147586,,0.2238345178148902,,,,,0.3895724998457643
Traffic_05,,,,0.6844660194174758,0.8682385575589459,0.8453536754507628,0.7517337031900139,0.6359223300970873,0.45908460471567264,0.0,0.9743411927877949,,,1.0,,0.9979195561719832,,,,,0.0,,,,0.2255627138084109,0.15922910001182985,0.16897479240996233,0.24472717435398622,0.2718897681163729,0.32055042102792913,0.20990843143904755,0.17747024568820544,,,0.1826108837583549,,0.1736350267663619,,,,,0.491646435026297
Traffic_06,,,,0.7165991902834008,0.7165991902834008,0.9058704453441295,0.6771255060728745,0.7540485829959515,0.6275303643724696,0.0,1.0,,,0.9949392712550608,,0.9893724696356275,,,,,0.0,,,,0.23799203520632634,0.23799203520632634,0.2621359790591844,0.27257744617085516,0.24475517557234033,0.24202984824641083,0.0918476956534012,0.26020021177421526,,,0.251969410150503,,0.2566039004387929,,,,,0.48595751530624637
Traffic_07,,,,0.37821122740247387,0.9352997145575642,0.8981921979067554,0.8235014272121789,0.8230256898192199,0.8301617507136061,0.0,0.9909609895337773,,,1.0,,0.9985727878211227,,,,,0.0,,,,0.23789295784931744,0.11065778568265154,0.13798352823911297,0.11976777448113739,0.11307748442813001,0.13557347171172437,0.4373121373209433,0.08351732192010822,,,0.08112682682128339,,0.078418783260606,,,,,0.38357417062385335
Traffic_08,,,,0.4871255911718339,0.9169732002101944,0.9075144508670521,0.5401996847083552,0.7009984235417761,0.5796111403047819,0.0,0.9516552811350498,,,0.9837099316868103,,1.0,,,,,0.0,,,,0.2945587337100979,0.2955545029141064,0.26604908988902226,0.37341470846797237,0.35414798624265365,0.36211252646398545,0.16327233721502318,0.3041338898649353,,,0.3023970330453111,,0.2920960562370062,,,,,0.4559826498076556
Traffic_09,,,,0.4889287851585876,0.9305804907241173,0.9419509275882704,0.7414721723518851,0.8384201077199281,0.6535008976660682,0.0,0.9910233393177738,,,0.9946140035906642,,1.0,,,,,0.0,,,,0.24426122540020673,0.09994373902848676,0.15056071998579426,0.2360412314747123,0.15306486073779732,0.2340979706620993,0.3457302979183626,0.1054416971357847,,,0.09115228133888581,,0.07979528221896669,,,,,0.39118104249252805
Traffic_10,,,,0.5347457627118644,0.9707627118644068,1.0,0.7745762711864407,0.7347457627118643,0.8,0.0,0.9788135593220338,,,0.9555084745762712,,0.9919491525423728,,,,,0.0,,,,0.2751550188548888,0.25689954968203305,0.18419292185623265,0.2393734040032362,0.2771989724451001,0.2733284052591622,0.2344947565825173,0.24484780022362146,,,0.251323343259221,,0.27600948143288545,,,,,0.3461529867867951
TriangleTireworld_01,,,,1.0,1.0,1.0,0.46691729323308273,0.46654135338345865,0.8954887218045112,0.0,0.9902255639097743,,,1.0,,0.9996240601503759,,,,,0.0,,,,0.01763314195422342,0.01763314195422342,0.01763314195422342,0.5161964899274947,0.5157833084530371,0.2993661685775481,0.0,0.03819815276956552,,,0.01763314195422342,,0.017868022012505477,,,,,0.0
TriangleTireworld_02,,,,1.0,1.0,0.6427732079905993,0.5475910693301999,0.5479827653740696,0.5479827653740696,0.0,0.990207598903251,,,0.9945162553858207,,0.9949079514296906,,,,,0.0,,,,0.01843885984479408,0.01843885984479408,0.5058796487571623,0.5374793397274914,0.5378310470846596,0.5378310470846596,0.0,0.034351095425254476,,,0.030732542492648694,,0.03098857893665254,,,,,0.20317625314584417
TriangleTireworld_03,,,,0.1,0.9944,1.0,0.098,0.0,0.0,0.0,0.9264,,,0.8784,,0.9344,,,,,0.0,,,,0.3000106664770437,0.025436980952935437,0.028397182958878157,0.29432906754175675,0.0,0.0,0.0,0.039565641660410364,,,0.20335741933846427,,0.03609764535257113,,,,,0.0
TriangleTireworld_04,,,,0.0,0.2522700355309909,1.0,0.10264508487958941,0.10501381760757994,0.10659297275957362,0.0,0.9210422424003158,,,0.9242005527043031,,0.9238057639163048,,,,,0.0,,,,0.0,0.4370044402878507,0.027269019248841887,0.3080263462705903,0.31508102816038175,0.31978866600146105,0.0,0.03797162215566783,,,0.034909241830261804,,0.03652596448865496,,,,,0.0
TriangleTireworld_05,,,,0.0,0.0,0.0,0.0,0.0,0.0,0.0,0.9986547085201793,,,0.9991031390134529,,1.0,,,,,0.0,,,,0.0,0.0,0.0,0.0,0.0,0.0,0.0,0.032864173382197756,,,0.03251043759711544,,0.03276919445102262,,,,,0.0
TriangleTireworld_06,,,,0.0,0.0,0.0,0.0,0.0,0.0,0.0,1.0,,,0.9937527889335118,,0.9986613119143241,,,,,0.0,,,,0.0,0.0,0.0,0.0,0.0,0.0,0.0,0.03344934820510515,,,0.022271271242245035,,0.02522676309701485,,,,,0.0
TriangleTireworld_07,,,,0.0,0.0,0.0,0.0,0.0,0.0,0.0,0.026455026455026457,,,0.44312169312169314,,1.0,,,,,0.0,,,,0.0,0.0,0.0,0.0,0.0,0.0,0.0,0.0,,,0.9918650595198404,,1.0,,,,,0.0
TriangleTireworld_08,,,,0.0,0.0,0.0,0.0,0.0,0.0,0.0,0.20448877805486282,,,0.7344139650872817,,1.0,,,,,0.0,,,,0.0,0.0,0.0,0.0,0.0,0.0,0.0,0.4571045789703881,,,0.653334458862644,,0.5707073941025059,,,,,0.0
TriangleTireworld_09,,,,0.0,0.0,0.0,0.0,0.0,0.0,0.0,1.0,,,1.0,,1.0,,,,,0.0,,,,0.0,0.0,0.0,0.0,0.0,0.0,0.0,0.0,,,0.0,,0.0,,,,,0.0
TriangleTireworld_10,,,,0.0,0.0,0.0,0.0,0.0,0.0,0.0,1.0,,,1.0,,1.0,,,,,0.0,,,,0.0,0.0,0.0,0.0,0.0,0.0,0.0,0.0,,,0.0,,0.0,,,,,0.0
UAV_01,0.9779508303553474,0.9779508303553474,0.9779508303553474,0.0,0.0,0.0,0.9996089593398381,0.9915310676184405,1.0,0.0,,,,,,,,,,,0.0,0.0027763123049997958,0.0027763123049997958,0.0027763123049997958,2.737201660232859e-16,2.737201660232859e-16,0.0018641219506118762,0.0027594679103682095,0.008913441065339098,0.003238707400776382,2.737201660232859e-16,,,,,,,,,,,0.08767433301121004
UAV_02,0.9755943286430118,0.9755943286430118,0.9755943286430118,0.0013678308904698064,0.040489131661527726,0.058727150406117055,0.9910506228549151,0.9855612651696689,1.0,0.0,,,,,,,,,,,0.0,0.0051689100902718044,0.0051689100902718044,0.0051689100902718044,0.0,2.1717567694561133e-16,0.0,0.0036166206453999384,0.011038518464304587,0.007543956683269493,0.0,,,,,,,,,,,0.06460301355283912
UAV_03,0.9757844760203189,0.9757844760203189,0.9757844760203189,0.0,0.0,0.0,0.9918618339741395,0.9759684722439504,1.0,0.0,,,,,,,,,,,0.0,0.008648277327555307,0.008648277327555307,0.008648277327555307,0.0,0.255587939346411,0.0410809081221031,0.014707342301039001,0.005125380682530766,0.0029752090504748807,0.0,,,,,,,,,,,0.05784743454672426
UAV_04,0.9489030318562709,0.9489030318562709,0.9489030318562709,0.0,0.0,0.0,0.9856084929748422,0.9720909651545514,1.0,0.0,,,,,,,,,,,0.0,0.010760206595647514,0.010760206595647514,0.010760206595647514,0.07334181506834149,2.4200566165038567e-16,2.4200566165038567e-16,0.004015737218903992,0.007471866619674127,0.008662320994646524,2.4200566165038567e-16,,,,,,,,,,,0.029684981939859616
UAV_05,0.9488499330954929,0.9488499330954929,0.9488499330954929,0.07879133766077709,0.003968372059793942,0.003023880415451887,0.9871580140150664,0.9978058957827439,1.0,0.0,,,,,,,,,,,0.0,0.009902906690096231,0.009902906690096231,0.009902906690096231,0.04794443454618692,0.0,2.4564942016400607e-16,0.0035846057197610128,0.004973033873565386,0.006925293636009633,0.0,,,,,,,,,,,0.020197348560191022
Wildfire_01,,,,0.9597231217616581,0.9597231217616581,0.9597231217616581,0.9657950129533679,0.971178756476684,0.967738018134715,0.0,1.0,,,0.999190414507772,,0.9991499352331606,,,,,0.0,,,,0.11527004923730697,0.11527004923730697,0.11527004923730697,0.09663127786513351,0.08057001773991446,0.08864632124161537,0.29330249713583295,0.0011297996872533082,,,0.002007298618558523,,0.0017551395230471828,,,,,0.4440721642354905
Wildfire_02,,,,0.27293965424289257,0.27509614347841715,0.2729755957301513,0.9726844696833555,0.9992092872803077,1.0,0.0,0.7682133486683679,,,0.8596844337418682,,0.9482442583474104,,,,,0.0,,,,0.40619528430307583,0.40240561032677596,0.4062131933191362,0.2645937278571127,0.25644253677787493,0.25602554856175175,0.24764132290466734,0.3743226025257045,,,0.30907666880624723,,0.2587821301694229,,,,,0.30939409250823013
Wildfire_03,,,,0.7531573671901103,0.8372201804209823,0.8344581801982404,0.7349370753981512,0.9878160151464528,0.9956788061031295,0.0,0.8904777814901437,,,1.0,,0.9822920147009689,,,,,0.0,,,,0.33581867808007826,0.40410879392796645,0.34546842622898755,0.4914601775815088,0.14650941685568764,0.13394238585094004,0.16474452642031598,0.3075872790349836,,,0.15881384910946258,,0.18787210963502193,,,,,0.230553416389289
Wildfire_04,,,,0.0,0.5352678571428572,0.5352678571428572,0.9775191326530612,1.0,0.9433992346938775,0.0,0.14821428571428572,,,0.3302614795918367,,0.5455676020408163,,,,,0.0,,,,0.11856197862601314,0.38912023526452705,0.38912023526452705,0.25732371028872775,0.2336980975514054,0.31072108109599866,0.12110915128913878,0.19669132472743192,,,0.38091160251061507,,0.4738152322050338,,,,,0.28064064168122493
Wildfire_05,,,,0.9039738734288381,0.9444535924035348,0.9285910313409078,0.9860310664690708,1.0,0.9850430868873155,0.0,0.7654371809649267,,,0.8797683736758329,,0.9460727811625227,,,,,0.0,,,,0.3115153965035297,0.21775752685364008,0.2974280499930664,0.16606710792327117,0.14123275993530857,0.17071385270256725,0.36553458156854707,0.29759455673234664,,,0.29356724624531993,,0.23637503100362472,,,,,0.3705527665994555
Wildfire_06,,,,0.0,0.6771893983025983,0.7041717831411712,0.9810808167523336,0.8444410636471317,1.0,0.0,0.24697086597915738,,,0.17190267650478686,,0.14179063929669755,,,,,0.0,,,,0.16454647708560666,0.2611296620822452,0.2146334793626059,0.1317218379479966,0.3349553667391877,0.1466186237209608,0.13174030810286816,0.25486171822693965,,,0.14310426460350645,,0.13529599784527954,,,,,0.15348523943070697
Wildfire_07,,,,0.0,0.7836714630440611,0.7836714630440611,0.9575252480114398,1.0,0.905956743229958,0.0,0.9938555724372151,,,0.9318527124854769,,0.8529806059522745,,,,,0.0,,,,0.14694266460773364,0.3687113803679446,0.3687113803679446,0.3637484229217638,0.32359309006373244,0.3615306680854041,0.14694266460773364,0.33188001945755957,,,0.36089506519536935,,0.356251847163669,,,,,0.16240202514537613
Wildfire_08,,,,0.0,0.0,0.8854209110911906,1.0,0.9284220248281857,0.9219297530763589,0.0,0.849210876592508,,,0.7187134979490941,,0.573112759079673,,,,,0.0,,,,0.2628284308015948,0.2628284308015948,0.2647403043452813,0.11292461403847341,0.2092458077932396,0.1572515326878918,0.2628284308015948,0.3072535585122069,,,0.36158663409336456,,0.3895024088563651,,,,,0.3015038697592057
Wildfire_09,,,,0.0,0.0,0.31840735388847297,0.8747889064921046,0.8144466303382719,1.0,0.0,0.2403767475060499,,,0.20943957937986385,,0.16168456971743936,,,,,0.0,,,,0.08806977209336202,0.08806977209336202,0.17009587740760992,0.33586218939147766,0.27769272079137264,0.2621102013237671,0.08806977209336202,0.1344972120433217,,,0.12526239244960266,,0.084929043577048,,,,,0.10818803286841715
Wildfire_10,,,,0.0,0.5305880502764235,0.6611785200150007,0.9882051220013791,0.98919710148434,1.0,0.0,0.45695171963272563,,,0.5926593518260891,,0.23443378536951237,,,,,0.0,,,,0.15638366286902441,0.23672998556519323,0.1957268360386414,0.2188577862023603,0.20311992733783069,0.13637975015557993,0.14681732695802566,0.2348419064754367,,,0.22150493113782307,,0.2309498644231885,,,,,0.17834772614833325
